Snapshot,x,y
0,467,541
0,746,610
0,451,620
0,907,718
0,956,618
0,993,569
0,566,379
0,1126,549
0,832,481
0,304,505
0,866,368
0,520,466
0,1109,490
0,1139,414
0,983,453
0,1120,310
0,570,511
0,1085,343
0,1197,325
0,1057,330
0,1185,378
0,1129,579
0,815,356
0,907,333
1,366,592
1,464,613
1,785,850
1,851,748
1,1183,779
1,527,470
1,1199,700
1,941,675
1,746,605
1,1055,512
1,836,597
1,326,467
1,583,509
1,983,450
1,591,443
1,658,438
1,1125,550
1,835,468
1,520,390
1,829,347
1,881,346
1,1018,415
1,1189,382
1,1114,321
1,1045,334
1,1198,659
1,1252,498
1,1135,305
1,791,351
1,519,377
1,1175,337
2,255,602
2,729,734
2,754,597
2,921,671
2,491,545
2,444,625
2,534,475
2,991,435
2,686,591
2,1128,867
2,1130,552
2,283,498
2,1143,422
2,453,564
2,802,356
2,834,480
2,446,550
2,1062,382
2,699,405
2,1017,415
2,1247,547
2,868,357
2,1126,335
2,1190,293
2,1204,357
2,1136,434
2,1109,867
2,287,461
2,1247,521
2,672,286
2,469,557
2,835,342
2,462,630
3,1221,679
3,469,627
3,870,769
3,535,474
3,795,583
3,277,570
3,894,570
3,558,386
3,607,455
3,702,414
3,1125,558
3,273,522
3,1111,443
3,966,461
3,826,482
3,996,426
3,591,340
3,1245,312
3,802,332
3,1186,368
3,1138,306
3,1049,391
3,1098,337
3,1125,579
3,834,340
3,800,393
4,1115,911
4,532,478
4,752,593
4,1249,587
4,1017,411
4,1134,440
4,693,404
4,1130,557
4,834,480
4,833,384
4,562,388
4,1059,384
4,579,336
4,627,320
4,1003,407
4,895,333
4,1148,375
4,1134,325
4,1158,374
4,975,281
4,653,294
4,1040,269
4,894,272
5,453,570
5,1219,856
5,520,469
5,934,688
5,1212,583
5,623,491
5,1184,715
5,552,563
5,563,368
5,995,420
5,1110,538
5,834,480
5,697,403
5,1216,718
5,606,321
5,513,396
5,1102,462
5,1183,387
5,1046,394
5,878,306
5,503,391
5,1090,340
5,1205,313
5,799,358
5,981,272
6,473,552
6,649,759
6,771,591
6,789,749
6,429,603
6,1121,907
6,539,474
6,1072,511
6,510,391
6,924,473
6,564,529
6,1122,552
6,643,468
6,586,364
6,1142,421
6,830,483
6,1013,398
6,1267,474
6,500,447
6,1168,286
6,558,552
6,1075,272
6,1066,364
6,656,308
6,1196,346
6,548,495
6,879,282
6,1030,271
6,869,375
7,269,579
7,340,464
7,904,711
7,869,604
7,832,575
7,731,625
7,521,473
7,1060,523
7,712,626
7,580,488
7,1127,554
7,689,409
7,1137,425
7,996,426
7,566,374
7,625,489
7,550,485
7,1197,335
7,863,321
7,1084,378
7,894,339
7,805,359
7,1042,400
7,610,331
7,1147,310
7,815,455
7,909,306
7,1097,339
8,771,724
8,522,462
8,702,618
8,837,560
8,530,547
8,411,607
8,271,503
8,494,401
8,1126,556
8,211,531
8,1025,405
8,980,440
8,1112,452
8,643,304
8,1078,371
8,823,345
8,494,420
8,1099,340
8,870,363
8,362,540
8,791,358
8,945,306
8,259,599
8,877,270
8,1114,302
8,598,340
9,531,476
9,740,635
9,1176,844
9,356,631
9,815,568
9,1072,1009
9,939,656
9,281,516
9,681,403
9,973,572
9,1131,551
9,1252,578
9,998,448
9,1116,463
9,606,312
9,1034,408
9,1076,380
9,848,316
9,816,448
9,838,379
9,934,301
9,1127,334
9,1132,579
9,658,302
10,630,695
10,744,688
10,412,605
10,1112,895
10,515,483
10,1010,534
10,553,380
10,624,474
10,960,463
10,1126,439
10,1126,554
10,1022,401
10,819,483
10,818,347
10,696,398
10,1118,327
10,856,332
10,1216,323
10,891,308
10,1053,385
10,934,302
10,1035,388
10,1126,579
10,621,488
11,1202,826
11,411,577
11,603,752
11,1223,664
11,534,496
11,505,581
11,920,477
11,991,435
11,838,481
11,858,769
11,508,388
11,508,417
11,1105,463
11,1127,551
11,861,809
11,1029,407
11,805,349
11,893,313
11,673,294
11,1076,357
11,829,338
11,1114,319
11,1128,577
11,934,300
11,1164,298
11,699,400
12,346,580
12,523,476
12,471,557
12,1157,985
12,431,625
12,947,658
12,979,585
12,693,404
12,912,508
12,523,404
12,1211,842
12,819,483
12,997,428
12,1068,507
12,1133,332
12,1123,552
12,644,313
12,1212,352
12,818,352
12,794,351
12,1145,419
12,888,355
12,591,352
12,1052,384
12,1137,429
12,1088,265
12,1187,376
13,452,624
13,868,754
13,464,577
13,899,661
13,548,532
13,255,574
13,659,744
13,528,440
13,1017,404
13,1129,549
13,695,407
13,818,483
13,827,398
13,1117,451
13,657,704
13,1048,382
13,1271,539
13,1075,365
13,1148,411
13,666,301
13,617,310
13,1197,362
13,1149,371
13,1096,274
13,1109,460
14,732,630
14,525,473
14,467,546
14,1201,824
14,468,626
14,328,634
14,1065,1007
14,1020,483
14,1070,502
14,513,395
14,695,405
14,968,439
14,819,483
14,1120,553
14,1145,422
14,599,327
14,847,303
14,1070,366
14,1042,371
14,1137,314
14,1104,353
14,645,315
14,989,270
14,1124,576
14,1208,335
15,241,584
15,1178,781
15,774,586
15,459,620
15,531,474
15,607,490
15,919,489
15,666,411
15,1132,548
15,1009,410
15,824,483
15,1105,486
15,1146,405
15,802,359
15,1182,359
15,866,368
15,588,350
15,1263,479
15,1131,570
15,1133,361
15,1031,272
15,1059,393
15,831,320
15,935,309
15,975,274
15,701,410
16,446,627
16,1246,706
16,1168,781
16,978,452
16,535,561
16,602,486
16,533,494
16,1121,551
16,1082,519
16,820,484
16,498,399
16,527,439
16,1032,425
16,593,337
16,1121,432
16,659,424
16,819,347
16,856,307
16,525,408
16,1182,356
16,507,398
16,1183,338
16,1098,358
17,708,629
17,470,617
17,533,473
17,457,530
17,826,559
17,1231,774
17,1128,849
17,981,468
17,631,440
17,1132,550
17,1157,850
17,1146,430
17,1065,380
17,587,339
17,701,403
17,1133,363
17,1004,430
17,1256,508
17,1031,399
17,1185,357
17,859,378
17,624,320
17,1251,535
17,661,308
18,705,635
18,447,624
18,669,741
18,1246,667
18,536,474
18,439,575
18,829,616
18,989,435
18,1129,547
18,837,469
18,1145,437
18,1029,406
18,600,505
18,810,391
18,1087,276
18,1039,279
18,695,405
18,648,447
18,1140,367
18,575,452
18,1267,474
18,866,309
18,899,335
18,931,304
18,587,342
19,441,636
19,417,542
19,1032,490
19,914,487
19,534,566
19,626,489
19,667,413
19,832,482
19,529,432
19,523,474
19,524,490
19,1138,555
19,1132,448
19,895,332
19,820,385
19,988,418
19,642,321
19,854,333
19,1052,343
19,1134,581
19,984,282
19,1082,274
19,1027,270
19,953,299
20,1174,797
20,467,619
20,400,593
20,499,535
20,954,481
20,526,472
20,949,648
20,597,509
20,632,428
20,1020,438
20,1125,556
20,833,483
20,1111,466
20,1143,401
20,801,364
20,608,332
20,856,364
20,1037,399
20,877,286
20,1111,291
20,1067,384
20,568,375
20,1128,588
21,1105,940
21,441,627
21,738,608
21,512,581
21,1180,774
21,532,477
21,1066,531
21,832,590
21,868,753
21,607,441
21,402,425
21,591,499
21,984,438
21,480,507
21,1068,414
21,1125,561
21,833,467
21,1151,418
21,434,475
21,348,466
21,621,448
21,956,301
21,1168,297
21,874,300
21,652,305
21,464,504
21,597,340
21,798,344
21,839,391
21,1058,271
21,843,320
22,590,739
22,438,629
22,1165,760
22,701,650
22,790,542
22,535,476
22,431,559
22,786,608
22,353,568
22,983,437
22,924,487
22,1126,559
22,1060,384
22,1160,423
22,564,381
22,849,330
22,696,400
22,1194,331
22,834,399
22,1121,329
22,622,325
22,663,302
22,1087,362
22,1007,268
22,1218,319
22,821,324
22,948,298
23,1247,778
23,767,598
23,499,620
23,650,707
23,375,596
23,388,606
23,533,474
23,479,458
23,678,411
23,1247,583
23,599,503
23,549,377
23,1011,429
23,1128,558
23,818,485
23,1128,584
23,1049,389
23,1132,448
23,1198,357
23,1119,331
23,1271,482
23,841,398
23,608,327
23,846,299
23,970,286
23,1161,290
23,819,333
23,1081,277
24,710,643
24,495,621
24,1173,772
24,990,444
24,1085,925
24,621,441
24,534,464
24,548,558
24,536,379
24,358,455
24,283,509
24,1125,556
24,555,566
24,1024,401
24,821,486
24,1117,459
24,833,388
24,796,348
24,602,333
24,925,328
24,1109,336
24,1077,361
24,874,356
24,1181,344
24,1090,275
24,1126,584
24,1158,303
25,1243,717
25,669,677
25,436,562
25,443,626
25,959,675
25,298,613
25,532,450
25,536,554
25,994,434
25,333,469
25,666,411
25,821,486
25,624,498
25,565,367
25,1093,496
25,1126,560
25,893,336
25,1164,394
25,933,309
25,1029,407
25,1059,379
25,796,353
25,1123,587
25,1077,360
25,658,305
25,1165,327
25,1270,499
25,1122,429
26,410,584
26,679,811
26,1135,862
26,789,590
26,576,755
26,511,539
26,861,781
26,1179,742
26,552,522
26,950,663
26,891,542
26,993,424
26,1059,532
26,569,486
26,1246,591
26,820,486
26,1119,447
26,854,375
26,611,442
26,524,446
26,682,430
26,1129,560
26,1033,401
26,1058,378
26,1213,326
26,1130,593
26,1123,332
26,799,358
26,1178,373
27,1134,875
27,466,623
27,716,637
27,808,868
27,254,555
27,492,518
27,867,773
27,346,459
27,1243,610
27,963,649
27,608,427
27,616,478
27,901,511
27,813,485
27,1065,498
27,1123,449
27,1128,554
27,683,404
27,991,428
27,612,457
27,524,517
27,535,377
27,1063,355
27,534,472
27,529,444
27,1032,405
27,1188,341
27,828,351
27,529,426
27,1128,583
27,1149,396
27,860,358
28,1108,940
28,1181,786
28,659,677
28,866,774
28,799,665
28,438,625
28,868,533
28,502,561
28,936,475
28,591,497
28,342,448
28,1131,554
28,1093,500
28,392,563
28,1124,425
28,1237,311
28,517,447
28,552,376
28,817,482
28,392,544
28,1272,514
28,559,450
28,1079,383
28,1164,290
28,1177,372
28,662,454
28,526,473
28,305,484
28,800,360
28,597,332
28,1102,315
28,614,427
28,1028,386
28,1136,318
29,715,637
29,635,707
29,1150,960
29,414,640
29,783,575
29,1019,571
29,534,565
29,627,484
29,959,667
29,959,546
29,517,460
29,370,547
29,465,497
29,561,480
29,1090,483
29,546,370
29,366,578
29,1122,557
29,833,477
29,329,466
29,1034,394
29,986,441
29,1122,579
29,504,561
29,831,391
29,1107,344
29,1043,394
29,461,519
29,693,403
29,1057,332
30,481,538
30,1124,916
30,871,766
30,465,638
30,379,569
30,524,460
30,964,560
30,271,525
30,1045,513
30,1133,560
30,557,527
30,345,446
30,1136,582
30,833,481
30,1025,389
30,675,403
30,1195,338
30,840,399
30,1144,402
30,596,331
30,968,437
30,1131,307
30,1105,442
30,908,323
30,271,554
31,533,473
31,273,563
31,1180,772
31,896,713
31,745,611
31,441,445
31,432,546
31,470,619
31,1251,602
31,922,487
31,926,645
31,832,481
31,1027,408
31,261,540
31,678,410
31,1123,593
31,1101,490
31,1134,424
31,1159,350
31,1163,401
31,1120,336
31,801,358
31,1123,563
32,437,632
32,1120,1000
32,699,757
32,764,591
32,601,489
32,714,644
32,851,595
32,517,565
32,520,483
32,947,675
32,1129,556
32,269,502
32,1090,494
32,978,446
32,526,442
32,999,582
32,1009,565
32,1056,391
32,673,411
32,836,471
32,1011,430
32,630,320
32,1094,354
32,1152,384
32,859,339
32,1132,581
33,692,655
33,529,473
33,457,627
33,378,610
33,771,599
33,1063,536
33,459,454
33,683,403
33,965,461
33,556,366
33,833,481
33,1135,425
33,1129,572
33,997,425
33,1023,399
33,790,354
33,1080,438
33,1074,383
33,1257,517
33,1249,542
33,1155,297
34,548,750
34,1164,844
34,705,640
34,418,650
34,749,597
34,525,472
34,1067,527
34,840,540
34,911,479
34,417,564
34,979,434
34,335,465
34,1123,556
34,610,442
34,668,454
34,1201,333
34,1127,438
34,1025,418
34,1063,375
34,865,300
34,260,521
34,868,365
34,818,460
34,586,356
35,608,768
35,1144,856
35,731,682
35,1247,712
35,850,634
35,924,560
35,524,474
35,255,571
35,429,619
35,957,465
35,586,497
35,1054,530
35,350,460
35,415,540
35,1245,557
35,691,403
35,803,559
35,1115,440
35,1125,575
35,1009,424
35,833,345
35,1150,402
35,555,469
35,802,523
35,423,556
35,581,342
35,1035,393
35,802,499
35,1198,343
35,1027,269
35,554,446
36,1106,904
36,1240,712
36,382,595
36,943,653
36,1176,783
36,873,741
36,468,427
36,754,563
36,552,535
36,783,670
36,523,441
36,621,480
36,981,442
36,523,483
36,1024,409
36,837,481
36,1130,564
36,572,369
36,1091,489
36,1130,593
36,1176,354
36,533,487
36,300,529
36,777,625
36,1136,426
36,859,362
36,666,428
36,835,400
36,617,323
36,1153,306
36,661,300
37,701,745
37,390,600
37,894,732
37,811,672
37,925,515
37,1196,831
37,1037,410
37,545,540
37,622,496
37,1198,718
37,526,459
37,1135,421
37,513,389
37,1154,374
37,834,480
37,647,431
37,778,586
37,777,551
37,1135,557
37,1135,582
37,761,549
37,1084,384
37,807,354
37,629,325
37,667,294
38,755,718
38,1254,691
38,455,598
38,1169,846
38,527,460
38,710,584
38,368,438
38,1003,413
38,834,482
38,574,514
38,685,398
38,1118,440
38,1139,566
38,542,571
38,1252,552
38,828,398
38,298,484
38,1138,594
38,597,331
38,857,335
38,1079,377
38,1121,336
38,1163,362
38,806,350
38,965,300
38,888,346
38,1203,331
38,1159,287
38,1031,275
39,701,691
39,1192,831
39,527,452
39,640,448
39,955,636
39,796,757
39,541,540
39,495,601
39,1227,620
39,554,375
39,987,444
39,1140,435
39,836,482
39,1091,428
39,1112,331
39,1222,723
39,1019,413
39,853,376
39,1133,558
39,1218,689
39,657,404
39,825,348
39,1254,723
39,1261,514
39,1227,642
39,596,333
39,639,322
39,1195,341
39,1159,371
39,1047,377
40,478,607
40,781,813
40,818,577
40,1106,960
40,553,526
40,712,653
40,402,567
40,917,488
40,1151,846
40,1194,701
40,529,451
40,1007,424
40,833,470
40,716,627
40,1125,445
40,1131,559
40,1085,366
40,1041,402
40,328,474
40,1256,536
40,798,356
40,955,293
40,626,322
40,1143,391
40,1240,316
40,1052,280
40,859,371
41,608,709
41,1169,733
41,527,568
41,255,521
41,733,607
41,948,658
41,532,467
41,610,490
41,774,581
41,906,505
41,806,544
41,1136,860
41,1070,515
41,1255,582
41,537,372
41,984,445
41,1026,398
41,1132,580
41,1132,555
41,1159,860
41,1144,390
41,794,357
41,1230,319
41,1182,358
41,814,321
41,855,298
41,1105,331
42,689,653
42,1160,786
42,620,744
42,544,568
42,770,592
42,1006,548
42,953,465
42,559,491
42,371,441
42,669,413
42,1112,477
42,637,476
42,513,439
42,812,486
42,487,482
42,1125,557
42,1017,420
42,608,330
42,561,380
42,1263,562
42,1125,318
42,506,391
42,1067,377
42,1124,578
42,1097,346
42,1141,402
42,831,312
42,1263,537
43,1106,928
43,709,640
43,1252,597
43,927,688
43,526,453
43,388,600
43,1063,525
43,598,496
43,541,541
43,767,586
43,288,495
43,670,454
43,986,439
43,1130,436
43,665,404
43,813,485
43,1125,557
43,558,375
43,1025,405
43,1061,368
43,820,343
43,1127,579
43,1117,321
43,1106,356
43,860,327
43,779,337
44,831,728
44,523,474
44,925,662
44,355,629
44,769,726
44,691,647
44,604,502
44,675,447
44,1098,489
44,982,433
44,769,559
44,817,486
44,1130,555
44,1131,578
44,356,433
44,1188,325
44,1018,404
44,669,403
44,1134,427
44,1119,317
44,351,440
44,804,327
44,820,384
44,640,326
45,1180,743
45,451,627
45,1146,971
45,738,722
45,968,580
45,795,587
45,526,564
45,523,478
45,920,517
45,698,582
45,644,678
45,588,511
45,1020,403
45,1129,558
45,1088,492
45,674,415
45,823,486
45,608,464
45,1130,579
45,1136,428
45,667,455
45,1068,390
45,1203,326
45,1090,346
45,1023,276
45,854,381
46,1135,973
46,571,759
46,1204,821
46,510,553
46,865,760
46,415,637
46,1029,538
46,520,469
46,943,654
46,1226,672
46,968,514
46,373,553
46,347,605
46,823,487
46,642,475
46,353,623
46,1132,436
46,988,405
46,1126,558
46,570,475
46,1060,375
46,566,449
46,576,515
46,512,391
46,953,300
46,1126,587
46,802,348
46,571,352
46,1261,520
46,1097,353
47,616,727
47,1164,906
47,437,624
47,1227,587
47,397,547
47,1193,787
47,819,688
47,521,472
47,909,711
47,323,614
47,1251,674
47,304,499
47,955,653
47,990,427
47,569,439
47,273,486
47,1126,557
47,823,486
47,1104,466
47,1140,414
47,604,508
47,673,441
47,617,502
47,1262,483
47,1050,379
47,1251,711
47,1188,341
47,908,323
47,953,285
47,839,398
47,873,351
47,1036,419
47,1260,462
47,912,271
47,1085,367
47,631,317
48,1108,942
48,671,731
48,240,592
48,1176,800
48,455,628
48,1265,718
48,341,616
48,951,639
48,883,754
48,566,522
48,484,584
48,521,451
48,437,519
48,642,424
48,816,486
48,1033,402
48,1132,559
48,505,583
48,1169,398
48,1001,437
48,1130,587
48,495,510
48,991,436
48,854,374
48,1215,324
48,637,473
48,1062,380
48,1058,285
48,1107,456
48,1019,267
48,911,336
48,668,302
48,857,297
49,374,593
49,581,556
49,471,640
49,1136,941
49,1165,822
49,935,632
49,752,665
49,1042,539
49,520,451
49,887,587
49,664,419
49,964,453
49,1223,319
49,1125,561
49,1018,421
49,1265,533
49,813,486
49,1138,425
49,1124,586
49,1089,363
49,749,558
49,755,602
49,1043,393
49,1179,337
49,602,325
50,1144,951
50,753,585
50,421,638
50,509,529
50,607,499
50,1208,736
50,450,564
50,530,475
50,676,415
50,1131,560
50,831,482
50,599,334
50,536,381
50,963,460
50,1201,369
50,1092,464
50,1258,509
50,1034,401
50,987,429
50,1083,368
50,1130,587
50,785,353
50,876,296
50,1023,274
50,1127,329
50,1133,419
50,806,349
50,878,360
50,1090,488
50,839,319
51,690,646
51,895,685
51,412,653
51,550,547
51,257,570
51,1237,693
51,612,477
51,515,458
51,777,583
51,854,517
51,347,600
51,358,454
51,1066,531
51,971,452
51,1017,417
51,1119,443
51,1122,558
51,1123,585
51,808,449
51,1091,361
51,1058,384
51,1130,331
51,822,353
51,877,300
52,861,763
52,535,475
52,432,642
52,744,605
52,415,552
52,898,570
52,957,653
52,294,499
52,1131,561
52,969,444
52,823,482
52,984,575
52,1113,450
52,1036,399
52,1004,423
52,821,394
52,1096,361
52,691,402
52,1195,332
52,1143,340
52,875,304
52,893,338
52,664,305
53,419,637
53,1242,697
53,747,600
53,526,475
53,261,579
53,522,577
53,920,669
53,970,615
53,832,557
53,610,492
53,880,590
53,1134,557
53,685,426
53,971,591
53,539,719
53,992,436
53,1119,446
53,1029,406
53,1164,290
53,1199,334
53,1069,389
53,1133,584
53,1079,280
53,276,580
53,1108,332
53,810,446
54,618,772
54,1110,908
54,428,633
54,527,473
54,867,755
54,955,631
54,612,435
54,456,524
54,597,503
54,497,602
54,1065,531
54,918,479
54,1121,557
54,969,451
54,583,345
54,1022,370
54,1232,316
54,1201,324
54,1172,332
54,1152,415
54,632,311
54,795,265
54,835,401
54,1145,300
54,1042,273
54,1083,371
55,1174,793
55,731,682
55,506,553
55,439,629
55,530,474
55,350,585
55,776,584
55,884,549
55,870,768
55,951,496
55,1099,491
55,655,424
55,1133,558
55,1049,358
55,828,471
55,995,405
55,1036,408
55,998,427
55,1151,366
55,644,318
55,1113,315
55,794,267
55,1131,588
55,1214,340
55,1110,376
55,598,329
56,677,651
56,442,627
56,946,672
56,526,473
56,778,832
56,789,621
56,350,583
56,1128,559
56,1034,542
56,564,479
56,954,460
56,623,431
56,1242,313
56,548,364
56,1111,441
56,1149,380
56,817,485
56,1073,364
56,997,436
56,1189,349
56,1020,396
56,1127,583
56,592,346
56,826,389
56,1272,523
56,866,357
56,337,597
57,862,772
57,1201,780
57,432,633
57,524,472
57,890,577
57,465,556
57,955,642
57,301,473
57,419,430
57,577,515
57,1057,511
57,989,423
57,1146,418
57,823,483
57,889,459
57,1101,388
57,1214,358
57,904,459
57,1136,560
57,1136,585
57,693,409
57,1026,383
57,1148,360
57,897,340
57,1078,264
57,808,344
58,1143,960
58,468,622
58,1226,727
58,530,483
58,707,636
58,845,767
58,287,476
58,623,503
58,881,522
58,1001,414
58,1126,559
58,1073,433
58,629,328
58,823,486
58,934,310
58,1119,456
58,329,639
58,1212,312
58,1144,408
58,695,413
58,338,628
58,581,369
58,366,458
58,845,808
58,1106,457
58,1042,268
58,860,372
58,1261,514
58,582,355
58,1069,335
58,1108,320
59,944,679
59,1219,762
59,775,607
59,1133,865
59,701,640
59,507,554
59,533,473
59,834,551
59,485,626
59,1073,471
59,973,472
59,632,469
59,1131,561
59,1164,410
59,659,424
59,1207,341
59,1179,289
59,1130,588
59,1019,404
59,663,303
59,589,349
59,896,332
59,1171,353
59,1096,354
59,1006,400
59,1070,269
59,1006,271
60,639,731
60,842,723
60,420,624
60,1230,672
60,1102,942
60,628,483
60,529,473
60,581,507
60,678,408
60,545,381
60,275,555
60,857,366
60,817,485
60,994,429
60,1121,445
60,635,324
60,1130,559
60,958,283
60,1136,578
60,1162,374
60,1250,335
60,1125,400
60,899,345
60,841,310
61,1170,895
61,717,778
61,440,616
61,1130,1018
61,1258,640
61,540,547
61,411,534
61,1207,752
61,595,448
61,492,500
61,614,499
61,1121,578
61,532,451
61,1066,528
61,1120,441
61,963,458
61,325,482
61,662,466
61,633,431
61,549,554
61,696,401
61,1018,411
61,594,341
61,823,486
61,1048,389
61,1134,379
61,1239,331
61,635,417
61,1096,359
61,962,295
61,1121,556
61,915,296
62,1113,929
62,742,607
62,831,801
62,388,598
62,868,690
62,1144,580
62,1072,513
62,933,509
62,1254,574
62,524,574
62,584,517
62,1135,430
62,527,465
62,990,438
62,651,466
62,818,486
62,1149,370
62,1061,272
62,819,368
62,1083,361
62,647,407
62,443,412
62,1198,326
62,486,392
62,585,465
62,901,335
62,980,280
62,706,438
63,624,704
63,691,642
63,1188,840
63,461,613
63,865,773
63,814,677
63,1183,714
63,912,490
63,530,569
63,593,504
63,1085,992
63,526,473
63,1132,580
63,1239,581
63,989,434
63,1084,484
63,646,466
63,820,484
63,1243,325
63,1021,411
63,795,538
63,1045,271
63,1130,423
63,1090,968
63,511,513
63,628,412
63,1098,281
63,868,374
63,786,516
63,1215,307
63,516,373
64,451,600
64,722,728
64,554,483
64,951,651
64,1168,774
64,585,709
64,887,613
64,1092,493
64,437,523
64,618,492
64,516,472
64,910,514
64,972,449
64,1135,558
64,351,460
64,503,382
64,819,485
64,1155,399
64,558,375
64,1001,428
64,615,329
64,1230,325
64,675,451
64,822,397
64,1045,392
64,694,406
64,922,321
64,1033,391
65,366,599
65,481,597
65,565,503
65,957,650
65,257,558
65,608,458
65,868,749
65,819,612
65,1062,534
65,1125,440
65,509,391
65,278,476
65,868,544
65,524,469
65,915,486
65,1007,433
65,819,471
65,1049,392
65,867,324
65,1123,580
65,586,351
65,1116,334
65,836,394
65,951,302
65,1268,540
65,806,359
66,758,790
66,868,715
66,531,474
66,500,539
66,377,605
66,975,596
66,1172,781
66,598,501
66,763,632
66,506,389
66,672,411
66,1025,426
66,1130,560
66,817,486
66,1122,335
66,511,397
66,831,392
66,1130,589
66,927,309
66,1129,448
66,1036,280
66,1080,367
66,1181,328
66,633,327
67,771,808
67,533,473
67,430,608
67,949,659
67,598,502
67,406,537
67,345,450
67,988,442
67,1130,560
67,390,536
67,824,485
67,1048,463
67,593,338
67,1102,490
67,1145,418
67,850,380
67,642,309
67,1131,586
67,1089,359
67,698,402
67,1260,492
67,934,304
67,901,349
68,532,473
68,381,611
68,958,636
68,847,502
68,1177,796
68,1213,676
68,260,554
68,979,477
68,1130,590
68,331,461
68,677,407
68,581,348
68,1112,454
68,1116,347
68,1163,418
68,811,487
68,830,334
68,1054,356
68,631,323
68,1015,419
68,981,270
68,1037,275
68,1058,273
68,1130,559
68,263,494
69,467,600
69,534,472
69,847,828
69,376,651
69,842,509
69,1156,800
69,906,487
69,1223,680
69,1133,586
69,584,490
69,557,363
69,987,470
69,1246,580
69,615,452
69,695,400
69,1106,459
69,184,570
69,795,348
69,1020,396
69,850,791
69,1035,398
69,855,372
69,979,273
69,617,325
69,1193,340
69,923,327
69,1148,431
69,1221,309
69,822,338
70,738,618
70,449,630
70,493,595
70,1107,910
70,1214,796
70,485,475
70,1023,544
70,879,568
70,536,472
70,614,442
70,981,443
70,820,490
70,675,410
70,279,488
70,1049,405
70,1131,582
70,1249,652
70,273,480
70,1237,642
70,1110,412
70,1143,446
70,1130,560
70,1232,313
70,829,376
70,919,326
70,1195,334
70,1160,386
70,280,510
70,869,351
71,698,648
71,548,484
71,960,651
71,753,597
71,467,555
71,821,548
71,1165,791
71,1244,587
71,1136,555
71,539,387
71,1119,448
71,1137,580
71,881,338
71,851,375
71,986,442
71,576,358
71,1232,312
71,836,509
71,974,442
71,1194,333
71,945,295
71,799,549
71,1021,415
71,1058,385
71,1122,306
71,824,454
72,533,471
72,445,550
72,761,586
72,697,643
72,1164,852
72,831,509
72,1248,696
72,930,494
72,677,407
72,1210,739
72,1128,557
72,1107,468
72,343,466
72,573,336
72,968,459
72,1194,333
72,1232,311
72,870,353
72,551,363
72,843,393
72,1007,423
72,943,296
72,1193,739
72,1154,424
72,860,296
72,1084,337
73,701,640
73,466,555
73,1232,771
73,536,472
73,1125,928
73,831,509
73,771,619
73,622,495
73,964,456
73,541,381
73,1182,809
73,1129,556
73,296,500
73,791,580
73,1002,427
73,1167,819
73,1068,380
73,704,428
73,1125,457
73,587,347
73,833,389
73,1100,350
73,773,579
73,610,433
73,1168,797
73,892,333
73,1232,313
73,1194,339
73,1133,577
73,1032,408
73,325,494
74,669,665
74,271,577
74,1172,957
74,1177,779
74,404,583
74,320,473
74,704,644
74,530,462
74,827,688
74,601,500
74,548,557
74,924,517
74,864,543
74,992,429
74,172,515
74,1134,556
74,962,462
74,194,563
74,821,502
74,1128,442
74,1223,310
74,1035,399
74,1063,529
74,563,381
74,685,437
74,800,543
74,1135,588
74,1086,375
74,816,481
75,470,591
75,1112,963
75,1247,604
75,346,633
75,574,516
75,750,599
75,883,564
75,791,569
75,267,513
75,520,464
75,1069,536
75,985,436
75,642,475
75,513,392
75,845,554
75,580,443
75,817,484
75,1135,557
75,1133,578
75,1104,391
75,1052,382
75,581,464
75,1107,424
75,1213,317
75,1029,410
75,1100,336
75,585,346
75,1110,472
75,1271,477
75,1185,321
76,1109,903
76,774,638
76,544,561
76,682,653
76,533,458
76,828,507
76,610,489
76,333,462
76,928,493
76,1078,539
76,1046,514
76,1134,557
76,657,403
76,266,518
76,556,365
76,1140,434
76,1095,460
76,1133,582
76,1134,305
76,955,302
76,1198,325
76,1120,371
76,1076,361
76,1171,352
77,1178,775
77,1240,687
77,775,680
77,828,507
77,286,489
77,618,495
77,532,554
77,964,653
77,671,409
77,528,464
77,467,504
77,987,581
77,990,430
77,1132,584
77,1020,404
77,1133,557
77,357,458
77,349,461
77,1061,387
77,1136,446
77,856,379
77,941,308
77,907,333
77,1166,358
78,630,793
78,1185,840
78,739,707
78,784,579
78,831,507
78,1156,587
78,272,523
78,516,387
78,667,624
78,614,490
78,528,465
78,301,482
78,987,448
78,661,433
78,1093,523
78,559,532
78,1145,448
78,1020,407
78,1162,353
78,915,324
78,1073,387
78,999,275
78,1125,383
79,438,572
79,1248,697
79,1090,1002
79,645,730
79,825,513
79,904,555
79,593,501
79,537,461
79,1145,583
79,530,377
79,548,545
79,947,474
79,641,415
79,1011,406
79,650,470
79,1124,451
79,349,462
79,1060,388
79,586,339
79,902,340
79,858,350
79,632,327
79,1038,388
79,975,280
79,1136,317
79,1166,340
79,804,359
80,374,602
80,673,655
80,496,576
80,904,759
80,446,506
80,760,593
80,364,444
80,1169,769
80,827,512
80,576,506
80,965,656
80,968,527
80,1079,517
80,521,451
80,296,492
80,1247,633
80,1016,427
80,1246,656
80,1247,690
80,1131,577
80,832,376
80,639,321
80,930,427
80,643,426
80,1132,556
80,652,470
80,1129,437
80,1197,309
80,874,364
81,1164,967
81,715,625
81,1173,774
81,909,660
81,824,512
81,807,755
81,1247,676
81,531,460
81,562,546
81,626,443
81,968,458
81,241,506
81,1139,583
81,240,514
81,342,472
81,1131,455
81,561,524
81,858,383
81,600,335
81,1137,556
81,355,485
81,1146,395
81,1053,381
81,810,384
81,346,469
81,917,288
81,1098,354
81,1178,321
81,555,738
82,586,716
82,1161,880
82,528,472
82,402,582
82,750,614
82,823,513
82,1227,721
82,670,434
82,508,393
82,919,490
82,1125,555
82,1226,753
82,1000,420
82,1043,393
82,368,616
82,1100,404
82,1126,458
82,1172,325
82,821,269
82,388,640
82,1209,746
82,642,309
82,1111,307
82,692,373
82,1096,432
82,1173,369
82,509,437
83,475,543
83,759,806
83,529,474
83,290,488
83,841,564
83,591,492
83,1166,798
83,639,482
83,818,481
83,1008,415
83,1099,482
83,556,377
83,1131,558
83,602,327
83,935,305
83,1227,311
83,876,360
83,1147,328
83,1100,383
83,1268,451
84,419,575
84,1101,933
84,513,558
84,1235,610
84,563,546
84,600,485
84,973,446
84,829,482
84,488,396
84,1140,581
84,525,457
84,833,400
84,672,415
84,1021,409
84,387,490
84,1113,471
84,1047,384
84,487,415
84,870,364
84,356,480
84,1159,341
84,581,350
84,905,338
84,1128,384
84,630,328
84,1088,369
84,1137,289
84,969,288
85,442,580
85,1166,764
85,531,472
85,1136,847
85,1235,588
85,755,591
85,1063,531
85,1156,594
85,459,450
85,374,445
85,579,531
85,289,496
85,639,483
85,964,450
85,829,482
85,1015,409
85,1116,452
85,847,369
85,692,408
85,1060,378
85,682,404
85,1123,325
85,1231,309
85,1153,358
85,441,414
85,1149,408
85,584,351
86,1099,915
86,1179,766
86,745,596
86,379,598
86,900,730
86,939,631
86,572,525
86,488,601
86,531,710
86,520,468
86,959,454
86,507,393
86,266,508
86,666,416
86,436,529
86,641,475
86,1090,347
86,827,481
86,432,429
86,449,530
86,1131,590
86,1077,495
86,1011,432
86,530,683
86,1256,540
86,1144,416
86,828,394
86,1256,503
86,489,584
86,1220,306
87,1096,889
87,397,635
87,504,535
87,503,593
87,898,736
87,717,624
87,756,586
87,589,511
87,392,588
87,313,489
87,452,431
87,962,605
87,900,629
87,1077,425
87,336,571
87,523,471
87,989,435
87,655,465
87,337,597
87,1226,308
87,1129,558
87,1119,479
87,853,575
87,907,491
87,374,635
87,826,480
87,1024,403
87,379,445
87,840,332
87,1020,270
87,372,453
87,1129,585
87,375,594
87,1116,305
87,1135,386
87,1163,375
88,1238,683
88,1160,798
88,669,695
88,711,629
88,446,610
88,444,557
88,783,576
88,530,564
88,616,488
88,967,451
88,858,521
88,526,463
88,1124,435
88,1210,314
88,1015,416
88,297,506
88,1130,559
88,495,394
88,807,450
88,804,355
88,891,344
88,1130,585
88,1239,310
88,1145,299
88,1061,391
88,993,270
88,1046,350
88,1115,333
88,1101,274
89,700,665
89,470,602
89,782,586
89,569,495
89,1110,909
89,425,631
89,958,635
89,1073,523
89,517,471
89,1193,341
89,829,468
89,631,329
89,438,523
89,804,393
89,989,442
89,666,416
89,445,530
89,1127,562
89,574,352
89,1062,373
89,1150,379
89,967,284
89,860,377
89,671,292
89,535,470
89,923,308
89,1128,587
89,1021,276
89,1032,406
90,821,768
90,458,611
90,710,651
90,535,474
90,949,645
90,366,432
90,613,495
90,986,571
90,731,600
90,808,570
90,322,482
90,831,468
90,1112,461
90,1010,411
90,1070,396
90,960,455
90,1133,584
90,1134,560
90,943,300
90,625,322
90,415,543
90,574,357
90,1182,358
90,413,576
90,1003,270
90,1145,402
91,600,740
91,1191,760
91,872,716
91,348,443
91,730,721
91,484,481
91,1222,612
91,951,646
91,1064,533
91,532,458
91,546,536
91,897,485
91,761,595
91,650,467
91,1122,557
91,668,613
91,1028,402
91,685,614
91,1165,412
91,583,343
91,1177,335
91,831,480
91,1061,452
91,1110,381
91,280,525
91,693,405
91,1032,277
91,969,290
91,266,524
92,727,769
92,427,570
92,895,721
92,952,513
92,546,488
92,597,705
92,529,568
92,700,609
92,611,509
92,359,452
92,282,509
92,1262,555
92,618,437
92,1101,495
92,1018,408
92,831,482
92,1138,401
92,1135,558
92,618,784
92,512,452
92,1135,582
92,500,389
92,957,288
92,1230,313
92,858,373
92,927,311
92,896,331
92,506,422
92,590,343
92,634,322
93,455,569
93,652,688
93,913,678
93,333,598
93,1257,755
93,517,568
93,616,489
93,1184,800
93,318,473
93,832,482
93,984,438
93,494,403
93,602,432
93,804,347
93,1098,489
93,519,445
93,1139,573
93,1165,778
93,1252,615
93,903,330
93,585,348
93,930,303
93,871,349
93,1250,521
93,527,483
93,811,268
93,993,271
93,951,266
93,1196,315
93,1073,323
93,522,456
93,1244,647
94,1097,965
94,600,756
94,414,593
94,943,657
94,527,441
94,249,558
94,556,544
94,1140,579
94,484,541
94,439,430
94,261,503
94,984,438
94,1087,495
94,832,483
94,1030,420
94,692,411
94,595,342
94,348,465
94,521,492
94,871,357
94,792,366
94,235,546
94,822,346
94,1091,280
94,546,499
94,902,329
95,556,741
95,716,627
95,1157,883
95,865,764
95,454,446
95,773,575
95,468,574
95,318,477
95,670,738
95,584,507
95,524,471
95,467,511
95,614,451
95,1253,589
95,474,538
95,490,573
95,1111,503
95,992,455
95,1128,595
95,817,486
95,1128,561
95,1161,378
95,860,368
95,588,345
95,1136,311
95,852,294
95,793,355
95,1121,420
95,1035,428
95,1079,343
95,923,312
95,636,327
95,829,337
96,466,569
96,612,757
96,696,659
96,1215,786
96,777,609
96,530,470
96,602,461
96,803,564
96,358,457
96,660,409
96,514,385
96,1086,517
96,984,440
96,1048,374
96,1160,400
96,830,464
96,1225,311
96,1135,569
96,275,501
96,589,342
96,1147,338
96,1024,409
96,1133,598
96,1116,324
96,1138,277
96,262,471
96,1192,333
96,917,326
96,1078,351
96,856,382
97,692,643
97,530,472
97,505,559
97,589,495
97,859,775
97,813,561
97,403,428
97,330,469
97,1251,588
97,1032,394
97,993,433
97,1131,563
97,1058,535
97,817,452
97,684,406
97,1112,337
97,793,317
97,832,394
97,1173,363
97,588,353
97,427,503
97,1074,363
97,860,346
97,1023,277
97,1146,299
97,421,479
98,680,655
98,252,587
98,963,592
98,1170,819
98,454,596
98,751,597
98,569,505
98,310,481
98,1250,730
98,478,488
98,909,691
98,972,440
98,1065,531
98,524,460
98,457,555
98,830,484
98,651,467
98,1118,557
98,691,401
98,1085,370
98,816,483
98,1030,399
98,551,380
98,1120,456
98,1118,585
98,1134,327
98,454,521
98,641,321
98,1211,319
98,816,321
98,932,318
99,671,714
99,1189,856
99,511,524
99,389,591
99,753,612
99,914,480
99,1083,956
99,863,747
99,830,484
99,495,389
99,1012,614
99,1120,460
99,1000,454
99,526,471
99,878,745
99,1080,357
99,289,507
99,605,517
99,694,396
99,1138,563
99,406,441
99,1107,955
99,1164,289
99,1000,427
99,853,319
99,875,306
99,1043,273
99,675,297
99,1167,383
99,990,452
99,805,335
99,634,304
99,1137,594
99,1016,432
100,384,589
100,466,447
100,751,610
100,541,572
100,534,471
100,947,682
100,1202,731
100,876,531
100,619,472
100,1068,531
100,962,579
100,665,401
100,970,455
100,814,485
100,1023,404
100,398,436
100,1139,437
100,1122,560
100,1122,582
100,534,368
100,1095,348
100,290,504
100,810,403
101,575,713
101,803,781
101,836,634
101,957,657
101,525,448
101,750,596
101,433,626
101,980,459
101,293,508
101,603,458
101,567,533
101,834,516
101,1045,414
101,1130,560
101,610,426
101,1086,465
101,388,556
101,1198,356
101,388,539
101,1119,414
101,1099,327
101,1130,582
101,648,296
101,960,286
101,834,336
102,456,550
102,1171,794
102,652,793
102,567,725
102,700,657
102,528,473
102,266,582
102,353,454
102,799,671
102,597,515
102,750,593
102,245,539
102,1000,425
102,843,758
102,835,483
102,667,437
102,955,465
102,1120,456
102,1132,583
102,800,369
102,1096,359
102,1146,390
102,1132,559
102,569,371
102,1050,285
102,944,296
102,846,730
102,1194,365
102,1044,402
102,862,357
103,1145,860
103,644,714
103,760,598
103,1270,732
103,417,591
103,958,669
103,526,471
103,622,452
103,505,391
103,920,483
103,1093,491
103,395,649
103,824,483
103,667,412
103,986,439
103,264,499
103,263,516
103,1143,412
103,596,334
103,1133,579
103,1133,558
103,1025,421
103,376,448
103,804,365
103,1055,375
103,975,277
103,823,342
103,1083,363
103,926,314
103,1084,280
103,1115,344
103,401,471
104,1098,935
104,228,591
104,436,579
104,1214,810
104,904,733
104,759,602
104,562,499
104,325,483
104,960,649
104,508,556
104,551,372
104,919,487
104,525,474
104,507,576
104,994,429
104,826,483
104,1142,355
104,1129,558
104,1268,558
104,1198,350
104,1029,405
104,660,450
104,1093,456
104,1092,350
104,975,279
104,665,438
104,525,453
104,1030,275
104,870,360
104,1144,413
104,954,300
105,263,571
105,418,580
105,1131,938
105,337,458
105,949,647
105,1213,843
105,796,578
105,743,605
105,522,446
105,538,512
105,1236,598
105,1005,516
105,592,511
105,869,520
105,1130,580
105,1075,480
105,1166,716
105,1146,414
105,1191,705
105,830,393
105,983,399
105,819,484
105,1231,308
105,541,537
105,1272,506
105,1042,395
105,581,354
105,1174,712
105,864,362
105,1064,353
105,1120,326
105,927,305
106,692,654
106,796,849
106,390,589
106,528,471
106,784,568
106,1104,915
106,507,567
106,891,728
106,1220,653
106,608,493
106,1200,850
106,892,521
106,255,512
106,266,560
106,1210,705
106,1127,433
106,1003,438
106,541,367
106,1065,372
106,1129,580
106,379,449
106,1129,559
106,1154,365
106,847,379
106,688,374
106,1208,317
106,694,424
106,1092,353
106,821,450
106,1177,851
106,1145,287
107,618,713
107,264,593
107,1115,911
107,380,618
107,520,593
107,1176,748
107,758,789
107,361,438
107,531,469
107,961,654
107,776,582
107,295,514
107,857,544
107,706,627
107,1233,646
107,970,542
107,1067,500
107,778,716
107,501,384
107,638,465
107,1216,560
107,304,503
107,1001,419
107,820,383
107,665,408
107,1127,579
107,1125,433
107,813,486
107,975,433
107,1060,368
107,1217,583
107,1260,536
107,613,424
107,942,305
107,1151,293
107,894,337
108,629,766
108,728,644
108,414,581
108,499,516
108,933,681
108,1236,744
108,500,615
108,574,513
108,1062,519
108,826,550
108,908,479
108,529,454
108,257,503
108,1219,594
108,335,464
108,1024,416
108,1126,559
108,1126,581
108,1122,439
108,689,406
108,1050,271
108,1111,333
108,822,436
108,1220,309
108,1055,382
108,1143,318
109,528,472
109,687,671
109,1092,1015
109,248,563
109,790,668
109,1235,744
109,585,721
109,984,579
109,937,685
109,436,630
109,1225,595
109,1128,553
109,987,439
109,825,484
109,646,403
109,1222,621
109,1022,410
109,763,541
109,1187,368
109,1059,360
109,690,422
109,855,380
109,1255,550
109,418,630
109,794,354
109,1116,343
109,582,345
109,1128,580
110,742,613
110,536,474
110,506,553
110,1168,799
110,840,570
110,936,659
110,633,479
110,333,475
110,988,432
110,1237,634
110,1154,545
110,817,454
110,1019,421
110,828,359
110,1182,367
110,1085,367
110,1120,573
110,1251,489
110,687,403
110,1197,314
110,1045,392
110,1033,271
110,1147,396
110,580,345
110,592,344
111,1147,846
111,928,670
111,533,471
111,537,550
111,737,625
111,858,783
111,1231,703
111,981,579
111,810,715
111,1140,407
111,637,475
111,1088,494
111,608,449
111,1210,587
111,136,547
111,1028,399
111,783,570
111,1002,541
111,819,363
111,1132,560
111,698,395
111,988,420
111,610,427
111,825,485
111,1132,589
111,1091,355
111,948,294
112,459,552
112,812,823
112,531,472
112,681,665
112,1175,788
112,754,595
112,1244,686
112,902,714
112,801,563
112,956,609
112,1010,552
112,871,537
112,1100,484
112,1140,557
112,552,391
112,981,416
112,819,460
112,1244,525
112,1139,592
112,1213,345
112,631,324
112,835,400
112,1116,339
112,1064,375
112,1023,410
113,642,773
113,686,641
113,449,628
113,355,597
113,835,800
113,742,617
113,842,562
113,1190,748
113,972,631
113,528,473
113,598,506
113,496,401
113,1014,544
113,952,473
113,1130,558
113,1002,431
113,582,348
113,1065,371
113,1108,475
113,824,479
113,1180,379
113,1040,413
113,1097,354
113,934,296
113,1231,316
113,693,400
113,1131,586
114,856,778
114,460,622
114,721,715
114,533,472
114,762,576
114,893,667
114,958,592
114,311,490
114,440,431
114,1022,400
114,839,510
114,1130,557
114,627,492
114,664,419
114,522,574
114,902,483
114,1099,485
114,523,559
114,1137,280
114,1196,341
114,1084,364
114,886,289
114,884,346
114,961,296
114,579,349
114,1043,276
115,500,638
115,692,693
115,358,630
115,1244,712
115,710,617
115,955,654
115,458,549
115,525,470
115,989,430
115,773,586
115,564,530
115,261,553
115,628,478
115,1129,559
115,830,483
115,668,418
115,261,528
115,816,483
115,1070,388
115,1135,299
115,1232,310
115,1136,435
115,812,356
115,1130,583
115,1030,414
115,977,276
115,1056,273
115,617,321
116,696,645
116,463,627
116,804,566
116,1141,898
116,1179,767
116,816,816
116,960,469
116,366,593
116,476,543
116,552,466
116,540,554
116,1195,751
116,1141,559
116,1008,420
116,687,400
116,508,448
116,1253,574
116,1141,592
116,1137,418
116,862,369
116,1031,401
116,814,444
116,587,348
116,803,385
116,1065,378
116,1115,468
116,895,334
116,1092,272
116,989,272
117,427,576
117,1156,836
117,1255,696
117,1118,943
117,810,600
117,542,571
117,949,660
117,520,473
117,951,470
117,1210,318
117,1029,452
117,503,387
117,558,361
117,830,472
117,690,401
117,1253,542
117,1096,487
117,1133,559
117,514,455
117,1103,350
117,852,360
117,607,333
117,1030,269
117,1133,588
117,660,298
117,509,397
117,892,330
118,728,617
118,262,571
118,454,569
118,527,471
118,1108,946
118,668,695
118,365,620
118,871,756
118,990,443
118,879,532
118,512,388
118,422,429
118,1078,500
118,1130,559
118,1123,447
118,820,484
118,1054,403
118,940,305
118,698,407
118,429,447
118,586,338
118,1195,367
118,856,363
118,1082,361
118,1109,351
118,667,290
118,1207,324
119,462,557
119,686,670
119,448,629
119,1231,647
119,846,733
119,1099,991
119,743,612
119,946,682
119,579,491
119,529,472
119,1073,499
119,546,369
119,663,420
119,1122,558
119,832,484
119,985,442
119,1131,426
119,1115,344
119,265,526
119,1122,585
119,1207,309
119,789,351
119,1195,356
119,834,379
119,859,329
119,1079,368
120,1178,765
120,465,562
120,1120,878
120,667,677
120,770,853
120,1083,988
120,529,472
120,421,629
120,869,749
120,969,631
120,1244,584
120,322,471
120,261,509
120,1138,590
120,669,414
120,593,341
120,1010,436
120,831,485
120,1045,403
120,800,366
120,1089,501
120,909,322
120,1102,501
120,940,299
120,1150,399
120,833,350
120,1190,357
120,1136,415
120,1073,380
120,870,354
121,1099,925
121,1153,822
121,445,620
121,252,577
121,530,471
121,465,518
121,763,770
121,1154,587
121,673,409
121,850,769
121,944,660
121,600,496
121,364,609
121,467,586
121,748,599
121,1046,531
121,825,486
121,976,446
121,1129,420
121,498,384
121,497,429
121,1173,372
121,1073,442
121,1143,306
121,348,595
121,1110,329
121,1069,352
121,453,558
122,1095,927
122,866,781
122,710,662
122,431,627
122,1150,579
122,503,577
122,848,551
122,586,507
122,522,471
122,1064,531
122,1246,598
122,477,431
122,973,453
122,445,509
122,390,573
122,664,415
122,1125,439
122,1013,421
122,1094,341
122,1190,321
122,808,460
122,892,335
122,847,376
122,1179,368
122,1067,438
122,411,573
122,1133,322
122,592,345
122,1046,394
122,808,347
122,1044,344
122,662,291
123,751,596
123,878,712
123,381,572
123,469,552
123,546,544
123,965,638
123,441,625
123,1146,579
123,859,555
123,531,456
123,1037,413
123,619,488
123,435,553
123,1248,585
123,682,435
123,355,459
123,1123,447
123,958,545
123,826,467
123,617,426
123,1255,574
123,578,344
123,1079,364
123,1068,383
123,1161,362
123,444,578
123,1048,275
123,866,339
123,958,564
123,819,366
124,692,641
124,434,636
124,1063,538
124,356,583
124,906,486
124,500,563
124,627,746
124,630,473
124,1004,417
124,1152,397
124,345,465
124,1154,301
124,574,514
124,1128,579
124,1109,444
124,452,456
124,1032,396
124,525,442
124,507,374
124,914,321
124,384,560
124,884,356
124,836,343
124,812,363
124,1110,297
124,928,279
124,693,440
124,1076,369
124,384,579
124,882,266
124,1041,395
124,572,349
124,690,379
124,1263,544
125,661,779
125,1174,787
125,635,448
125,532,465
125,454,622
125,955,666
125,1031,468
125,831,485
125,361,599
125,448,539
125,541,374
125,327,460
125,691,441
125,1129,579
125,860,383
125,509,390
125,1190,345
125,1164,362
125,1128,555
125,432,536
125,943,308
125,1122,405
125,1102,468
125,1134,289
125,515,403
125,1065,272
125,1022,359
125,1272,461
125,1113,328
125,810,372
125,977,424
125,834,333
125,1074,372
125,680,388
125,781,267
125,863,305
125,828,268
125,349,555
125,977,381
126,469,560
126,1094,919
126,430,629
126,524,483
126,1245,584
126,614,498
126,869,763
126,325,471
126,951,679
126,960,456
126,831,486
126,1109,453
126,1008,423
126,1177,380
126,249,516
126,1131,556
126,1130,586
126,1045,400
126,796,360
126,860,370
126,861,296
126,616,333
126,263,558
126,527,408
126,542,454
126,1082,366
126,1113,368
126,1196,319
126,1129,303
126,833,309
127,744,607
127,537,451
127,911,498
127,884,762
127,400,649
127,323,602
127,277,519
127,831,484
127,972,452
127,1055,375
127,1129,553
127,1016,422
127,698,402
127,1125,465
127,568,342
127,1114,382
127,1066,373
127,559,538
127,630,323
127,896,341
127,860,290
127,1207,327
127,779,269
127,848,371
127,1147,362
127,1175,358
127,932,308
127,576,547
127,978,277
128,527,457
128,379,649
128,589,497
128,805,547
128,978,521
128,1023,460
128,1254,562
128,829,464
128,552,380
128,1128,553
128,1132,437
128,1071,382
128,970,414
128,1149,304
128,855,377
128,824,334
128,595,337
128,779,266
128,866,312
128,1125,454
128,1130,578
128,1016,368
128,926,316
129,742,616
129,1196,774
129,389,641
129,492,543
129,807,562
129,1042,519
129,989,427
129,524,435
129,649,468
129,557,542
129,1124,442
129,1256,577
129,524,381
129,1023,387
129,797,359
129,1207,325
129,694,411
129,1144,312
129,1121,329
129,1159,391
129,855,374
129,1044,380
129,819,345
129,1281,460
130,692,821
130,700,648
130,1170,805
130,441,612
130,839,620
130,1010,617
130,351,608
130,903,501
130,1246,598
130,541,456
130,520,545
130,989,431
130,837,386
130,1069,523
130,541,374
130,1131,581
130,816,464
130,961,526
130,1128,439
130,476,552
130,458,519
130,660,424
130,1026,407
130,1115,341
130,306,506
130,705,401
130,1131,557
130,1197,378
130,589,342
130,1059,371
130,1225,318
131,723,624
131,957,650
131,871,745
131,439,594
131,558,487
131,464,556
131,979,958
131,926,493
131,990,560
131,989,442
131,827,485
131,334,464
131,693,409
131,511,423
131,516,365
131,415,423
131,275,515
131,1129,556
131,602,331
131,276,501
131,1139,425
131,1010,424
131,1224,314
131,856,370
131,852,307
131,1086,374
131,802,312
131,636,304
131,1188,349
131,888,280
131,1041,391
132,651,686
132,859,773
132,531,459
132,342,607
132,767,589
132,942,654
132,412,413
132,614,449
132,1153,586
132,855,643
132,1062,558
132,473,559
132,344,461
132,506,377
132,986,433
132,1086,461
132,1100,461
132,599,326
132,815,479
132,1128,417
132,640,318
132,1019,407
132,795,361
132,1115,324
132,416,435
132,1179,377
132,1198,321
132,1264,484
132,1053,391
132,864,381
132,1021,271
133,758,612
133,951,626
133,604,453
133,849,662
133,346,610
133,487,581
133,523,457
133,462,424
133,1144,1040
133,681,409
133,422,537
133,1071,518
133,983,434
133,1126,539
133,1123,886
133,369,446
133,820,480
133,358,607
133,488,521
133,498,554
133,1027,404
133,346,559
133,1067,375
133,1118,445
133,602,329
133,1148,403
133,1119,962
133,1258,579
133,1021,275
133,818,341
133,1120,335
134,1159,934
134,362,615
134,708,623
134,1175,759
134,528,454
134,761,671
134,279,493
134,586,486
134,820,484
134,1106,543
134,1229,686
134,1064,534
134,515,375
134,686,396
134,1007,426
134,583,434
134,1115,444
134,592,342
134,854,373
134,261,464
134,1050,399
134,998,266
134,818,345
134,882,314
134,992,426
134,788,353
134,1207,323
134,1091,352
134,1138,322
134,1040,274
135,590,704
135,464,547
135,406,622
135,773,559
135,1221,593
135,940,694
135,1217,751
135,935,514
135,560,515
135,1095,540
135,406,433
135,532,412
135,287,483
135,1052,537
135,991,431
135,1125,436
135,506,376
135,520,486
135,1059,382
135,670,438
135,408,678
135,824,483
135,791,357
135,667,392
135,1220,315
135,1042,269
135,1162,377
135,1088,360
135,949,297
135,1121,325
135,818,342
135,878,288
135,1258,530
136,1215,796
136,825,866
136,238,565
136,448,557
136,683,717
136,513,592
136,792,623
136,591,504
136,406,643
136,535,459
136,349,620
136,1209,586
136,1109,920
136,1056,515
136,825,485
136,633,457
136,907,717
136,1122,550
136,1129,441
136,341,460
136,1252,566
136,1134,322
136,1032,391
136,689,395
136,559,378
136,405,669
136,1093,354
136,1005,426
136,821,348
136,1066,369
136,596,334
136,1234,311
136,795,356
136,856,310
136,1213,319
137,816,769
137,1184,777
137,752,615
137,432,631
137,565,513
137,1257,711
137,530,436
137,419,428
137,664,406
137,825,485
137,1058,438
137,1213,593
137,995,446
137,1249,531
137,530,377
137,1127,550
137,349,464
137,425,450
137,1234,319
137,601,333
137,831,398
137,1021,413
137,1148,436
137,1055,344
137,809,334
137,1081,366
137,1273,479
137,528,359
138,265,577
138,701,640
138,449,624
138,435,554
138,497,486
138,1173,794
138,535,460
138,893,513
138,606,461
138,825,485
138,292,485
138,386,428
138,1253,681
138,982,430
138,1132,563
138,574,349
138,1131,594
138,1084,406
138,1136,432
138,385,600
138,385,622
138,634,325
138,1249,562
138,836,380
138,1020,407
138,1194,332
138,988,273
138,346,449
138,1211,318
138,948,302
138,1129,320
138,1118,389
138,1073,332
139,733,613
139,610,738
139,1202,764
139,462,627
139,383,556
139,536,457
139,489,574
139,664,409
139,1130,586
139,985,435
139,309,459
139,831,482
139,266,517
139,1129,430
139,605,500
139,1019,408
139,557,378
139,436,442
139,1091,367
139,431,419
139,913,319
139,1145,302
139,593,342
139,1197,335
139,1114,307
139,820,346
139,871,357
140,700,637
140,431,632
140,482,588
140,604,448
140,371,444
140,1131,583
140,572,527
140,841,625
140,505,439
140,533,447
140,981,441
140,1027,405
140,832,468
140,278,500
140,1261,554
140,1135,432
140,663,412
140,1228,306
140,1132,323
140,1082,365
140,696,407
140,1051,382
140,1259,508
140,942,299
140,867,295
140,781,270
141,544,747
141,809,554
141,1054,1002
141,1184,787
141,541,457
141,609,494
141,1151,587
141,997,498
141,692,426
141,352,460
141,288,556
141,617,432
141,1105,459
141,559,372
141,853,377
141,274,503
141,1058,390
141,980,390
141,1083,359
141,1022,409
141,661,385
141,1246,315
141,1137,318
141,815,337
141,569,376
141,809,444
142,236,579
142,743,598
142,446,631
142,1166,964
142,540,514
142,472,581
142,608,490
142,530,423
142,1125,552
142,1000,436
142,832,483
142,1032,411
142,1053,537
142,449,508
142,653,307
142,1076,376
142,537,441
142,287,501
142,531,468
142,471,457
142,300,510
142,1165,390
142,1116,349
142,844,332
142,814,342
142,968,281
142,1125,578
142,1104,467
142,886,345
142,938,309
142,483,480
143,1207,876
143,457,557
143,1098,975
143,422,642
143,337,581
143,977,602
143,557,542
143,770,639
143,913,481
143,905,659
143,543,443
143,1061,513
143,832,481
143,906,627
143,1137,581
143,1257,572
143,769,534
143,993,438
143,465,573
143,693,407
143,1135,434
143,637,437
143,1066,379
143,634,320
143,1024,404
143,1091,357
143,1062,357
143,752,515
143,1140,318
144,1182,900
144,724,652
144,470,563
144,1226,653
144,425,633
144,820,481
144,517,558
144,952,677
144,607,496
144,530,493
144,657,420
144,987,427
144,530,426
144,1057,377
144,554,376
144,1127,545
144,897,315
144,1125,445
144,1128,576
144,1084,364
144,1020,409
144,1184,361
144,1122,346
144,799,352
144,636,319
144,595,335
144,878,285
144,496,391
145,420,591
145,540,445
145,861,552
145,939,479
145,660,412
145,557,558
145,1129,582
145,1021,401
145,1105,466
145,487,394
145,556,376
145,1148,404
145,891,332
145,602,338
145,632,321
145,814,464
145,1129,296
145,1214,316
145,861,318
145,1058,380
145,1160,332
145,800,358
145,921,313
145,1177,373
145,827,345
145,944,309
145,1104,489
145,818,250
146,448,565
146,687,648
146,379,605
146,270,608
146,540,457
146,744,600
146,941,674
146,596,511
146,1105,546
146,824,490
146,1061,537
146,655,417
146,988,422
146,508,454
146,1137,413
146,288,502
146,1076,463
146,400,432
146,1223,309
146,859,363
146,802,348
146,1028,402
146,1117,319
146,583,339
146,341,467
146,1072,371
146,637,315
146,832,309
146,898,337
146,1193,353
146,1162,379
147,684,651
147,1231,689
147,219,583
147,512,583
147,900,724
147,543,457
147,983,448
147,656,441
147,344,461
147,955,660
147,444,528
147,1063,493
147,963,591
147,1148,600
147,1226,315
147,587,336
147,1020,416
147,820,490
147,1259,500
147,1196,337
147,1121,427
147,635,321
147,858,371
147,659,399
147,672,410
147,825,341
147,1143,388
147,1074,369
147,792,349
148,704,763
148,1203,831
148,1081,1002
148,299,626
148,846,810
148,335,460
148,966,638
148,676,635
148,520,569
148,869,698
148,772,537
148,596,490
148,975,546
148,985,433
148,1128,586
148,1077,523
148,681,440
148,975,570
148,1057,384
148,524,425
148,509,489
148,1121,438
148,1128,553
148,1208,309
148,1255,559
148,806,546
148,1119,326
148,1032,412
148,821,490
148,561,444
148,790,362
148,1162,350
148,1156,404
149,472,562
149,241,577
149,1224,658
149,378,589
149,642,687
149,1170,945
149,849,765
149,562,513
149,617,495
149,528,432
149,960,456
149,421,421
149,1053,529
149,859,668
149,298,497
149,1126,579
149,795,366
149,820,489
149,1126,558
149,1066,384
149,692,393
149,1116,348
149,1140,430
149,1023,419
149,596,321
149,1086,367
149,1055,276
149,932,311
149,657,301
150,1194,771
150,720,640
150,1092,943
150,847,779
150,507,573
150,550,497
150,388,434
150,957,663
150,456,439
150,942,483
150,1153,592
150,447,503
150,625,489
150,304,491
150,527,412
150,803,359
150,1234,308
150,1035,477
150,820,490
150,1110,499
150,992,427
150,308,477
150,838,350
150,1140,309
150,624,326
150,1185,328
150,1065,386
150,669,294
150,1141,398
151,1171,824
151,1244,683
151,759,597
151,432,622
151,467,569
151,269,520
151,546,458
151,951,674
151,881,511
151,715,731
151,962,459
151,357,458
151,1014,427
151,1128,587
151,1129,555
151,1120,448
151,820,491
151,1051,395
151,673,607
151,1045,263
151,626,318
151,662,295
151,1134,295
152,614,751
152,1185,766
152,515,609
152,745,712
152,410,594
152,748,591
152,610,491
152,540,457
152,992,574
152,453,561
152,554,369
152,1121,551
152,691,405
152,958,461
152,998,433
152,820,488
152,1105,465
152,1080,381
152,1124,411
152,1180,380
152,1111,340
152,377,446
152,838,386
152,790,365
153,745,604
153,328,590
153,956,529
153,813,561
153,543,446
153,1151,586
153,535,563
153,282,500
153,1099,992
153,499,434
153,1062,382
153,1106,497
153,1008,428
153,695,406
153,798,353
153,539,544
153,598,338
153,1177,366
153,637,312
153,1118,319
153,678,296
153,973,284
153,1082,364
154,534,457
154,415,602
154,593,509
154,1153,580
154,968,461
154,1247,583
154,665,417
154,1084,494
154,1001,419
154,820,488
154,1081,345
154,841,363
154,1065,384
154,1190,311
154,1235,314
154,974,301
154,1152,559
154,868,298
154,1114,337
154,630,321
154,1132,427
154,884,339
154,820,261
154,893,271
154,781,267
155,463,557
155,705,665
155,1228,612
155,939,470
155,594,496
155,542,490
155,1129,580
155,1026,466
155,1087,494
155,821,490
155,695,401
155,521,429
155,1129,557
155,844,372
155,1083,353
155,834,302
155,559,354
155,1209,322
155,1124,427
155,988,275
155,920,316
155,558,368
156,1249,575
156,1146,583
156,1048,521
156,537,534
156,615,474
156,297,490
156,390,440
156,821,491
156,998,471
156,663,416
156,537,434
156,1148,403
156,836,369
156,1103,432
156,1065,383
156,1189,346
156,1094,347
156,1078,267
156,1011,391
156,1214,319
156,1023,355
156,543,450
156,900,332
156,1123,311
156,580,346
156,530,426
156,1045,278
156,866,313
156,953,300
156,819,261
157,403,577
157,743,621
157,944,655
157,1164,783
157,520,494
157,570,540
157,571,517
157,901,486
157,989,424
157,336,470
157,425,443
157,822,490
157,1254,575
157,1084,356
157,1119,552
157,621,316
157,659,308
157,1119,586
157,1112,467
157,943,297
157,809,355
157,856,373
157,1223,316
157,421,428
157,1039,393
157,1145,302
158,743,617
158,542,456
158,927,626
158,397,617
158,485,583
158,1195,589
158,863,767
158,461,505
158,899,461
158,980,455
158,1108,547
158,632,485
158,1017,404
158,507,437
158,821,490
158,1140,383
158,848,380
158,1087,498
158,1177,366
158,579,349
158,1065,368
158,495,437
158,677,414
158,670,299
158,942,305
158,1120,439
158,582,340
158,880,346
159,707,652
159,386,594
159,346,620
159,470,556
159,601,503
159,817,612
159,866,533
159,933,501
159,313,475
159,1060,535
159,677,407
159,990,426
159,1126,430
159,1109,547
159,540,479
159,538,548
159,835,395
159,1190,346
159,1097,347
159,544,559
159,809,461
159,1055,268
159,956,291
159,905,337
159,508,409
159,1256,517
159,508,383
159,1223,318
159,1146,303
159,1018,276
159,1095,466
159,1067,380
160,678,651
160,910,706
160,543,457
160,747,590
160,481,563
160,610,447
160,837,560
160,986,441
160,915,480
160,420,626
160,1053,543
160,356,461
160,1141,421
160,1121,554
160,1246,547
160,462,509
160,1068,367
160,826,394
160,960,291
160,682,409
160,1094,352
160,1044,273
160,1126,328
160,652,302
160,1032,407
160,859,365
160,479,542
161,1174,918
161,395,593
161,642,752
161,470,552
161,550,502
161,775,593
161,902,720
161,531,424
161,958,657
161,1223,606
161,351,464
161,971,570
161,1137,587
161,685,406
161,1016,404
161,1120,443
161,590,341
161,925,482
161,616,317
161,1137,558
161,821,492
161,1060,383
161,812,390
162,1217,783
162,801,832
162,1194,847
162,531,446
162,1056,533
162,702,432
162,623,485
162,578,515
162,822,491
162,587,468
162,977,430
162,1174,390
162,1124,450
162,1175,845
162,1217,303
162,1111,550
162,872,361
162,1028,268
162,821,403
162,1029,373
162,891,273
162,1094,357
162,532,457
162,594,327
162,1264,482
162,552,346
162,1161,339
162,951,297
163,451,563
163,900,713
163,574,538
163,917,555
163,284,497
163,467,452
163,1054,542
163,536,439
163,1139,417
163,822,492
163,992,434
163,901,449
163,630,480
163,1124,550
163,1233,308
163,689,432
163,692,391
163,557,376
163,1025,407
163,831,399
163,597,459
163,1081,451
163,1119,336
163,1056,380
163,829,306
163,798,342
163,1123,584
163,895,337
163,1191,331
163,1164,289
164,471,464
164,534,597
164,610,488
164,752,605
164,883,735
164,829,556
164,951,670
164,534,443
164,1070,1006
164,1248,316
164,997,436
164,582,446
164,1116,466
164,1123,554
164,1037,397
164,792,348
164,672,390
164,1100,401
164,935,311
164,1166,290
164,534,436
164,843,338
164,1123,584
165,698,642
165,542,457
165,379,603
165,794,593
165,1170,750
165,872,752
165,483,442
165,1051,506
165,990,429
165,1119,546
165,519,381
165,704,428
165,265,504
165,632,432
165,823,490
165,1206,326
165,1111,429
165,1106,445
165,1169,355
165,605,336
165,1060,374
165,276,520
165,631,413
165,825,386
165,1097,326
166,1084,939
166,704,639
166,508,558
166,599,498
166,1237,614
166,537,454
166,460,532
166,687,436
166,1107,546
166,1053,541
166,1023,459
166,1123,448
166,989,443
166,531,371
166,822,490
166,1102,357
166,915,315
166,869,288
166,853,375
166,601,339
166,1151,401
166,805,405
166,680,389
166,667,293
166,1029,369
166,1203,324
167,1165,797
167,717,674
167,306,480
167,665,723
167,866,772
167,418,606
167,952,563
167,1139,582
167,634,478
167,567,523
167,348,563
167,676,403
167,534,436
167,1101,263
167,1143,293
167,990,425
167,873,529
167,925,314
167,1066,511
167,579,344
167,1030,395
167,1076,365
167,565,545
167,861,794
167,821,495
167,1262,597
167,1113,448
167,839,325
167,862,317
167,1208,309
168,424,563
168,716,818
168,536,569
168,1188,794
168,328,466
168,892,774
168,539,457
168,1146,581
168,885,521
168,951,624
168,691,429
168,1251,584
168,1062,519
168,1212,329
168,613,491
168,1007,487
168,578,340
168,822,490
168,953,509
168,1109,444
168,820,346
168,874,358
168,1042,387
168,1109,329
168,1144,314
168,790,368
168,960,425
168,951,595
169,772,605
169,1170,838
169,934,674
169,296,483
169,1223,754
169,790,547
169,582,514
169,1062,532
169,504,445
169,551,484
169,907,483
169,961,602
169,984,511
169,557,366
169,1128,587
169,1069,433
169,1221,313
169,856,368
169,992,414
169,1126,440
169,1129,555
169,919,272
169,1091,312
169,1160,391
169,632,317
169,806,345
170,657,736
170,758,692
170,1145,856
170,540,458
170,958,647
170,1171,732
170,276,498
170,813,553
170,349,455
170,1061,528
170,755,582
170,1090,347
170,994,435
170,673,416
170,1118,447
170,1240,663
170,1106,545
170,1011,408
170,1150,396
170,585,333
170,827,391
170,895,306
170,1221,309
170,660,305
170,806,320
170,619,324
170,1003,273
170,869,366
171,827,821
171,415,581
171,895,684
171,592,731
171,484,550
171,733,687
171,964,610
171,1190,791
171,328,451
171,605,458
171,1258,676
171,1143,581
171,1008,425
171,755,607
171,611,739
171,533,435
171,1109,449
171,1079,362
171,818,396
171,550,373
171,820,493
171,1170,792
171,1065,360
171,1165,366
171,1136,313
171,790,269
171,699,398
172,402,589
172,750,609
172,1107,905
172,1251,670
172,1180,759
172,497,600
172,307,632
172,536,462
172,622,443
172,993,432
172,1149,582
172,1178,792
172,559,372
172,676,413
172,820,493
172,1257,533
172,826,402
172,1178,708
172,1132,414
172,1091,487
172,1065,366
172,1126,302
172,1188,324
173,462,564
173,1241,748
173,1145,928
173,545,456
173,477,450
173,1029,558
173,951,662
173,572,374
173,821,492
173,1125,586
173,1070,377
173,992,423
173,1147,349
173,609,334
173,1153,400
173,1125,558
173,1111,448
173,832,380
173,1039,410
173,910,279
173,820,258
174,584,753
174,737,601
174,1104,931
174,1240,618
174,496,545
174,851,768
174,943,671
174,548,455
174,293,495
174,976,512
174,849,594
174,366,567
174,1054,515
174,1127,452
174,535,383
174,483,438
174,1122,549
174,660,415
174,380,567
174,850,484
174,1121,583
174,494,442
174,1189,355
174,596,338
174,1002,426
174,937,310
175,605,717
175,1175,781
175,463,544
175,740,620
175,1192,779
175,820,537
175,948,602
175,1146,586
175,1009,541
175,390,601
175,555,536
175,899,710
175,335,480
175,990,410
175,513,473
175,1140,419
175,487,460
175,936,482
175,1094,487
175,526,411
175,1077,384
175,518,383
175,646,461
175,1047,391
175,368,569
175,1122,312
175,559,379
175,1066,387
175,939,303
175,402,616
176,1120,938
176,899,717
176,362,595
176,707,632
176,1241,591
176,473,589
176,985,609
176,778,537
176,1128,580
176,983,435
176,1051,400
176,765,591
176,567,522
176,530,433
176,1084,498
176,273,500
176,1124,424
176,273,516
176,552,384
176,459,587
176,524,528
176,1093,336
176,623,420
176,465,512
176,595,499
176,1156,389
176,469,534
176,674,447
176,666,296
176,819,492
176,1198,343
176,886,286
176,603,500
177,1158,978
177,721,626
177,1217,845
177,868,755
177,950,645
177,537,553
177,346,647
177,581,514
177,1062,534
177,470,511
177,327,472
177,1191,745
177,1139,414
177,475,441
177,1211,751
177,1127,571
177,943,505
177,985,428
177,1070,379
177,522,434
177,577,466
177,819,492
177,1235,310
177,458,425
177,891,336
177,609,323
177,685,452
177,1117,543
177,487,548
177,1082,271
177,943,532
177,1019,269
177,864,321
177,1019,415
177,829,397
177,1183,371
178,695,675
178,494,576
178,326,604
178,423,624
178,545,532
178,1111,543
178,968,510
178,850,769
178,1089,486
178,363,437
178,548,369
178,663,417
178,526,425
178,461,512
178,1147,412
178,1263,536
178,1071,357
178,813,349
178,1200,331
178,596,474
178,819,490
178,547,498
178,864,364
178,1229,312
178,1119,342
178,641,470
178,627,485
178,967,442
179,235,565
179,757,587
179,465,584
179,1238,710
179,1044,520
179,1239,554
179,411,620
179,543,445
179,361,445
179,966,461
179,523,558
179,1131,582
179,517,578
179,634,478
179,1130,541
179,1042,368
179,819,396
179,1092,366
179,1106,450
179,820,491
179,682,405
179,1079,271
179,489,413
179,1145,403
179,1011,396
179,519,488
179,625,325
180,605,757
180,1228,656
180,950,646
180,757,588
180,546,457
180,398,614
180,1052,517
180,672,421
180,1115,542
180,812,563
180,554,375
180,1124,442
180,299,484
180,340,474
180,1019,500
180,589,344
180,1221,315
180,1016,379
180,972,449
180,817,347
180,645,309
180,894,341
180,1066,375
180,1159,291
180,1137,383
180,810,467
180,1004,265
180,1103,357
180,788,362
181,770,812
181,685,635
181,480,555
181,1127,903
181,265,529
181,827,733
181,755,603
181,784,553
181,1121,542
181,640,465
181,525,546
181,1000,440
181,541,445
181,1069,453
181,1118,454
181,678,404
181,1152,381
181,1071,275
181,861,362
181,1231,311
181,1045,405
181,1041,281
181,1108,378
181,835,389
181,812,454
182,1233,675
182,963,642
182,786,662
182,543,572
182,542,445
182,416,580
182,418,619
182,500,524
182,674,588
182,328,468
182,901,485
182,1122,542
182,720,697
182,824,499
182,990,438
182,1124,466
182,602,459
182,598,438
182,547,382
182,1153,371
182,1080,450
182,1018,416
182,805,339
182,1229,311
182,1151,286
182,944,298
182,805,402
182,595,336
182,1184,347
182,539,351
182,1121,300
182,698,398
182,1123,575
183,1165,771
183,813,806
183,447,572
183,709,634
183,789,591
183,304,486
183,952,509
183,546,452
183,1124,542
183,831,539
183,1125,452
183,1022,524
183,496,431
183,619,490
183,625,435
183,557,541
183,819,383
183,1019,269
183,1145,279
183,1069,379
183,1032,396
183,867,352
183,982,426
183,1023,491
183,1147,387
183,1208,326
183,1176,355
183,459,454
184,1145,1032
184,1180,788
184,802,820
184,948,683
184,533,569
184,1268,633
184,301,492
184,685,643
184,354,451
184,608,493
184,506,480
184,750,716
184,890,523
184,963,459
184,795,579
184,1120,541
184,537,445
184,1015,413
184,1118,323
184,1189,331
184,1097,488
184,1263,504
184,975,272
184,616,420
184,1080,348
184,1149,296
184,936,303
184,561,378
184,1129,429
185,702,632
185,1262,755
185,509,550
185,1108,907
185,768,591
185,246,535
185,391,648
185,960,553
185,584,470
185,857,682
185,540,455
185,897,504
185,1124,559
185,1089,357
185,1001,420
185,204,558
185,843,522
185,1043,392
185,861,359
185,1099,466
185,964,437
185,1127,327
185,337,572
185,686,425
185,497,385
185,965,285
185,359,571
185,959,430
185,885,288
185,840,537
185,620,327
185,854,610
185,1254,528
186,1186,791
186,608,768
186,430,589
186,483,551
186,691,689
186,803,714
186,1006,588
186,532,455
186,924,649
186,589,495
186,297,489
186,1118,542
186,668,406
186,1063,364
186,727,633
186,604,439
186,1009,502
186,1116,440
186,816,489
186,1126,324
186,1152,409
186,1117,564
186,1019,385
186,1047,451
186,867,296
186,1264,567
186,975,433
186,1088,349
186,812,351
186,775,584
186,982,424
186,920,302
186,1048,493
186,1157,294
187,1145,878
187,595,742
187,695,654
187,891,715
187,437,531
187,556,548
187,604,459
187,962,645
187,1047,526
187,928,495
187,537,469
187,1035,400
187,497,602
187,826,499
187,1121,457
187,507,378
187,964,467
187,564,368
187,1128,566
187,1122,330
187,1194,305
187,987,432
187,881,268
187,906,324
187,890,594
187,1073,364
187,525,404
187,654,317
187,820,310
188,1089,931
188,719,823
188,1252,719
188,301,480
188,854,777
188,519,525
188,647,704
188,828,553
188,1010,484
188,1129,586
188,543,457
188,739,675
188,964,443
188,1088,498
188,749,610
188,1124,439
188,741,716
188,1014,379
188,1262,541
188,1211,318
188,1103,351
188,501,393
188,696,408
188,1058,398
188,1129,560
188,1177,335
188,744,581
188,946,296
188,1132,314
188,863,293
188,627,315
188,845,367
188,487,393
188,1069,286
189,634,692
189,647,786
189,882,509
189,271,504
189,485,443
189,952,656
189,599,484
189,1068,537
189,1239,657
189,1167,784
189,981,454
189,1141,582
189,550,367
189,653,464
189,520,409
189,817,491
189,596,337
189,1040,398
189,1073,363
189,620,419
189,817,388
189,811,318
189,897,279
189,1272,455
189,1124,447
190,712,621
190,513,484
190,1202,893
190,594,692
190,1239,694
190,930,477
190,604,503
190,1134,581
190,352,463
190,1067,513
190,796,821
190,585,336
190,807,363
190,819,491
190,536,401
190,1108,349
190,561,470
190,1066,373
190,545,369
190,991,432
190,796,783
190,1204,298
190,1122,449
190,697,387
190,1161,393
190,881,287
190,659,304
190,943,294
190,886,382
190,840,358
190,978,278
191,229,565
191,539,454
191,626,423
191,354,457
191,948,660
191,911,485
191,415,414
191,498,457
191,820,490
191,560,374
191,1138,578
191,982,436
191,1130,429
191,829,388
191,1217,318
191,815,318
191,1091,538
191,1034,380
191,920,306
191,649,309
191,496,388
191,1017,413
191,885,284
191,622,330
191,1140,339
191,1075,453
191,428,440
191,786,350
191,857,322
192,692,661
192,473,610
192,843,821
192,1166,977
192,403,562
192,536,455
192,1239,603
192,994,582
192,1189,781
192,1047,515
192,606,497
192,1143,582
192,359,456
192,953,462
192,278,510
192,819,492
192,1118,325
192,1118,441
192,1191,320
192,1025,391
192,640,299
192,690,394
192,995,438
192,824,352
192,567,376
192,790,364
192,941,308
192,885,328
192,918,289
192,1188,348
193,1166,936
193,483,561
193,743,643
193,630,732
193,382,592
193,859,775
193,803,563
193,1151,586
193,532,442
193,959,639
193,565,528
193,900,494
193,1136,416
193,1004,425
193,1079,501
193,545,385
193,1070,363
193,1115,336
193,640,304
193,1178,340
193,847,312
193,1029,405
193,892,325
193,806,340
193,565,545
193,1000,274
193,688,393
194,512,557
194,1173,775
194,727,698
194,537,456
194,1064,529
194,910,725
194,763,592
194,343,468
194,964,458
194,688,572
194,1112,448
194,1149,406
194,1186,293
194,1119,556
194,802,356
194,606,505
194,663,411
194,1118,589
194,672,403
194,612,497
194,814,489
194,859,370
194,1078,361
194,1025,385
194,999,426
194,591,339
194,1124,332
194,1143,363
194,1281,439
195,826,822
195,470,550
195,686,658
195,313,469
195,1248,595
195,885,677
195,546,555
195,531,441
195,1137,583
195,688,406
195,486,447
195,1059,540
195,910,459
195,907,599
195,1143,316
195,814,488
195,1074,378
195,631,486
195,1100,462
195,478,408
195,1026,272
195,1006,410
195,947,298
195,857,280
195,979,448
195,873,351
195,833,396
195,918,319
195,884,265
195,1154,390
196,765,855
196,832,709
196,477,571
196,961,643
196,1220,779
196,1222,611
196,561,501
196,1059,541
196,532,565
196,615,427
196,1028,412
196,833,388
196,1119,551
196,1099,363
196,620,501
196,1129,336
196,966,443
196,817,488
196,535,426
196,806,328
196,698,440
196,913,483
196,525,413
196,1101,464
196,915,314
196,1207,314
196,1171,358
196,855,320
196,1051,388
196,957,293
196,1053,342
197,1274,721
197,746,604
197,363,623
197,920,707
197,972,452
197,1132,581
197,1034,540
197,531,571
197,575,522
197,1132,437
197,495,462
197,531,441
197,1096,360
197,856,316
197,643,471
197,823,492
197,1215,312
197,898,337
197,1136,320
197,1030,366
197,808,347
197,1193,318
197,855,383
197,1172,360
197,698,427
197,622,315
197,930,313
197,956,291
197,1008,417
197,1007,375
197,786,264
198,597,755
198,1170,779
198,727,624
198,466,561
198,878,719
198,1155,588
198,952,611
198,541,549
198,823,608
198,537,456
198,625,486
198,493,458
198,1017,423
198,981,539
198,1116,442
198,1195,357
198,1135,278
198,1149,402
198,860,367
198,1003,267
198,545,376
198,818,475
198,1037,401
198,963,272
198,1070,369
198,569,338
198,960,415
198,1118,339
198,691,399
198,668,306
198,849,296
199,743,695
199,836,842
199,1233,688
199,490,476
199,391,427
199,1134,584
199,897,484
199,1099,487
199,597,499
199,1041,516
199,336,472
199,650,436
199,845,664
199,1065,394
199,684,616
199,792,548
199,991,426
199,908,722
199,1034,273
199,1136,401
199,558,484
199,528,425
199,690,398
199,914,703
199,834,686
199,685,642
199,1137,298
199,935,308
199,556,376
199,886,288
199,1239,654
199,849,302
199,859,264
199,811,484
200,1211,795
200,1122,905
200,688,668
200,239,580
200,861,775
200,344,638
200,805,569
200,320,472
200,538,456
200,931,679
200,1154,588
200,628,475
200,977,571
200,942,581
200,605,407
200,1001,410
200,386,434
200,1120,442
200,1084,368
200,1195,365
200,889,325
200,1140,295
200,1032,277
200,813,457
200,854,376
200,844,299
200,646,309
200,1267,467
200,1114,335
